{
  "summary": {
    "successRate": 0.99801,
    "total": 4.50642885,
    "slowest": 0.008873874,
    "fastest": 0.000018204,
    "average": 0.0004490883751264983,
    "requestsPerSec": 22190.52010551548,
    "totalData": 115150,
    "sizePerRequest": 1,
    "sizePerSec": 25552.383901501074
  },
  "responseTimeHistogram": {
    "0.000018204": 1,
    "0.0009037709999999999": 94288,
    "0.001789338": 4925,
    "0.002674905": 464,
    "0.003560472": 59,
    "0.004446039": 42,
    "0.005331606": 16,
    "0.0062171729999999994": 4,
    "0.00710274": 1,
    "0.007988307": 0,
    "0.008873874": 1
  },
  "latencyPercentiles": {
    "p10": 0.000020019,
    "p25": 0.000021093,
    "p50": 0.000574331,
    "p75": 0.000745516,
    "p90": 0.000766534,
    "p95": 0.000993107,
    "p99": 0.001631049,
    "p99.9": 0.002971304,
    "p99.99": 0.005180388
  },
  "rps": {
    "mean": 22141.302855029826,
    "stddev": 2985.6235724549097,
    "max": 26033.98737051315,
    "min": 8243.185223065142,
    "percentiles": {
      "p10": 17644.699316779504,
      "p25": 20633.66382252664,
      "p50": 23114.244464690433,
      "p75": 24292.174225882696,
      "p90": 24936.80422936245,
      "p95": 25524.058977992863,
      "p99": 25869.03151058633,
      "p99.9": 26033.98737051315,
      "p99.99": 26033.98737051315
    }
  },
  "details": {
    "DNSDialup": {
      "average": 0.00006306377947025576,
      "fastest": 0.000028093,
      "slowest": 0.006874123
    },
    "DNSLookup": {
      "average": 4.3687834476768905e-6,
      "fastest": 2.87e-6,
      "slowest": 0.003501709
    }
  },
  "statusCodeDistribution": {
    "200": 99801
  },
  "errorDistribution": {
    "operation was canceled": 199
  }
}