{
  "summary": {
    "successRate": 0.99821,
    "total": 4.085321714,
    "slowest": 0.005531466,
    "fastest": 0.000017668,
    "average": 0.00040697549600785725,
    "requestsPerSec": 24477.87640745886,
    "totalData": 107990,
    "sizePerRequest": 1,
    "sizePerSec": 26433.658732414824
  },
  "responseTimeHistogram": {
    "0.000017668": 1,
    "0.0005690477999999999": 49196,
    "0.0011204275999999998": 48040,
    "0.0016718073999999997": 2205,
    "0.0022231872": 270,
    "0.0027745669999999995": 32,
    "0.0033259467999999996": 19,
    "0.0038773265999999997": 10,
    "0.004428706399999999": 29,
    "0.004980086199999999": 17,
    "0.005531465999999999": 2
  },
  "latencyPercentiles": {
    "p10": 0.00001913,
    "p25": 0.000020056,
    "p50": 0.000587556,
    "p75": 0.000715726,
    "p90": 0.000727523,
    "p95": 0.000758153,
    "p99": 0.001354914,
    "p99.9": 0.002330055,
    "p99.99": 0.004706687
  },
  "rps": {
    "mean": 24438.27039383569,
    "stddev": 2308.592707322762,
    "max": 27107.23492100012,
    "min": 15640.618686729402,
    "percentiles": {
      "p10": 20642.660121407233,
      "p25": 23899.618389371055,
      "p50": 25230.13197469879,
      "p75": 25849.074467877457,
      "p90": 26573.22251463954,
      "p95": 26825.12441152324,
      "p99": 27021.414470968273,
      "p99.9": 27107.23492100012,
      "p99.99": 27107.23492100012
    }
  },
  "details": {
    "DNSDialup": {
      "average": 0.000044381355458839054,
      "fastest": 0.0000275,
      "slowest": 0.004859168
    },
    "DNSLookup": {
      "average": 3.9306536901564875e-6,
      "fastest": 2.944e-6,
      "slowest": 0.000935567
    }
  },
  "statusCodeDistribution": {
    "200": 99821
  },
  "errorDistribution": {
    "operation was canceled": 179
  }
}