{
  "summary": {
    "successRate": 0.9994,
    "total": 0.286594625,
    "slowest": 0.010704375,
    "fastest": 9.291e-6,
    "average": 0.0028429935643385948,
    "requestsPerSec": 34892.48969690203,
    "totalData": 10552,
    "sizePerRequest": 1,
    "sizePerSec": 36818.55512817102
  },
  "responseTimeHistogram": {
    "0.000009291": 1,
    "0.0010787994": 3846,
    "0.0021483077999999997": 758,
    "0.0032178161999999997": 16,
    "0.0042873246": 1110,
    "0.005356833": 3901,
    "0.0064263414": 214,
    "0.007495849799999999": 37,
    "0.0085653582": 12,
    "0.0096348666": 22,
    "0.010704375": 77
  },
  "latencyPercentiles": {
    "p10": 0.000120209,
    "p25": 0.000486583,
    "p50": 0.003915375,
    "p75": 0.004869042,
    "p90": 0.005142792,
    "p95": 0.005275875,
    "p99": 0.008527958,
    "p99.9": 0.010635584,
    "p99.99": 0.010704375
  },
  "rps": {
    "mean": 34822.93669804921,
    "stddev": 7145.48009595688,
    "max": 39714.22960846868,
    "min": 9066.982331977484,
    "percentiles": {
      "p10": 30589.293747188476,
      "p25": 33666.64991708959,
      "p50": 37200.46500581256,
      "p75": 38685.36868110927,
      "p90": 39423.488514456934,
      "p95": 39624.48825474994,
      "p99": 39714.22960846868,
      "p99.9": 39714.22960846868,
      "p99.99": 39714.22960846868
    }
  },
  "details": {
    "DNSDialup": {
      "average": 0.0006721864723275202,
      "fastest": 0.000037167,
      "slowest": 0.005918833
    },
    "DNSLookup": {
      "average": 2.679066148597422e-6,
      "fastest": 9.58e-7,
      "slowest": 0.000103584
    }
  },
  "statusCodeDistribution": {
    "200": 9994
  },
  "errorDistribution": {
    "operation was canceled": 6
  }
}