{
  "summary": {
    "successRate": 0.9984475,
    "total": 19.196706026,
    "slowest": 0.028760807,
    "fastest": 0.000018981,
    "average": 0.004803216451062701,
    "requestsPerSec": 20836.908137168968,
    "totalData": 450876,
    "sizePerRequest": 1,
    "sizePerSec": 23487.15448313549
  },
  "responseTimeHistogram": {
    "0.000018981": 1,
    "0.0028931635999999996": 174798,
    "0.0057673462": 3826,
    "0.008641528799999998": 158890,
    "0.011515711399999998": 49743,
    "0.014389893999999999": 10859,
    "0.017264076599999997": 662,
    "0.020138259199999998": 91,
    "0.0230124418": 218,
    "0.0258866244": 190,
    "0.028760807": 101
  },
  "latencyPercentiles": {
    "p10": 0.000021222,
    "p25": 0.000022204,
    "p50": 0.007436183,
    "p75": 0.008404315,
    "p90": 0.008898391,
    "p95": 0.009871689,
    "p99": 0.013392309,
    "p99.9": 0.021723402,
    "p99.99": 0.026841192
  },
  "rps": {
    "mean": 20854.6948174907,
    "stddev": 4091.2944249239968,
    "max": 28222.284335795197,
    "min": 54.09101722377051,
    "percentiles": {
      "p10": 14615.270206257686,
      "p25": 19052.377101584374,
      "p50": 22593.714207791523,
      "p75": 23629.17730813914,
      "p90": 24403.108956080836,
      "p95": 24685.473451826543,
      "p99": 24953.817613256917,
      "p99.9": 27820.4925748317,
      "p99.99": 28222.284335795197
    }
  },
  "details": {
    "DNSDialup": {
      "average": 0.00010515889241387754,
      "fastest": 0.000028815,
      "slowest": 0.008069406
    },
    "DNSLookup": {
      "average": 4.862434008463542e-6,
      "fastest": 2.963e-6,
      "slowest": 0.00179019
    }
  },
  "statusCodeDistribution": {
    "200": 399379
  },
  "errorDistribution": {
    "operation was canceled": 621
  }
}