{
  "summary": {
    "successRate": 0.998,
    "total": 4.309200184,
    "slowest": 0.006842558,
    "fastest": 0.000017778,
    "average": 0.00042956829641282665,
    "requestsPerSec": 23206.162566152903,
    "totalData": 114762,
    "sizePerRequest": 1,
    "sizePerSec": 26631.856284168396
  },
  "responseTimeHistogram": {
    "0.000017778": 1,
    "0.000700256": 61255,
    "0.001382734": 37273,
    "0.002065212": 1042,
    "0.00274769": 66,
    "0.0034301680000000004": 41,
    "0.004112646": 48,
    "0.0047951240000000004": 52,
    "0.005477602000000001": 18,
    "0.006160080000000001": 1,
    "0.006842558000000001": 3
  },
  "latencyPercentiles": {
    "p10": 0.000019463,
    "p25": 0.000020445,
    "p50": 0.000565321,
    "p75": 0.00072249,
    "p90": 0.00074049,
    "p95": 0.000896992,
    "p99": 0.001483424,
    "p99.9": 0.003844265,
    "p99.99": 0.005317522
  },
  "rps": {
    "mean": 23160.71706195522,
    "stddev": 3139.600244754692,
    "max": 26881.636605649812,
    "min": 9551.614056879316,
    "percentiles": {
      "p10": 18862.07425928009,
      "p25": 21332.101169703703,
      "p50": 24257.497546432907,
      "p75": 25501.723826169517,
      "p90": 26207.937390141124,
      "p95": 26487.21179355154,
      "p99": 26711.175956020023,
      "p99.9": 26881.636605649812,
      "p99.99": 26881.636605649812
    }
  },
  "details": {
    "DNSDialup": {
      "average": 0.00006115119968282179,
      "fastest": 0.000027945,
      "slowest": 0.00672026
    },
    "DNSLookup": {
      "average": 4.193124640560409e-6,
      "fastest": 2.944e-6,
      "slowest": 0.002632103
    }
  },
  "statusCodeDistribution": {
    "200": 99800
  },
  "errorDistribution": {
    "operation was canceled": 200
  }
}