{
  "summary": {
    "successRate": 0.997589,
    "total": 54.846173319,
    "slowest": 0.04543438,
    "fastest": 0.00001887,
    "average": 0.0054945653121855845,
    "requestsPerSec": 18232.812600867022,
    "totalData": 1248220,
    "sizePerRequest": 1,
    "sizePerSec": 22758.561344654237
  },
  "responseTimeHistogram": {
    "0.00001887": 1,
    "0.004560421": 378820,
    "0.009101972000000002": 466343,
    "0.013643523000000001": 141243,
    "0.018185074000000002": 5736,
    "0.022726625000000004": 829,
    "0.027268176": 1151,
    "0.031809727": 1056,
    "0.036351278": 1246,
    "0.040892829": 888,
    "0.04543438": 276
  },
  "latencyPercentiles": {
    "p10": 0.000021945,
    "p25": 0.00002363,
    "p50": 0.0075974,
    "p75": 0.008582797,
    "p90": 0.009844235,
    "p95": 0.011378955,
    "p99": 0.01384249,
    "p99.9": 0.036971104,
    "p99.99": 0.042506129
  },
  "rps": {
    "mean": 18477.378188669776,
    "stddev": 4530.722357277756,
    "max": 27611.886917316144,
    "min": 28.45046046501579,
    "percentiles": {
      "p10": 12222.824903221954,
      "p25": 15682.043432987944,
      "p50": 19262.344504222146,
      "p75": 22187.917403924283,
      "p90": 23371.788786435714,
      "p95": 24017.193909113463,
      "p99": 24705.51921299296,
      "p99.9": 26618.222171944384,
      "p99.99": 27611.886917316144
    }
  },
  "details": {
    "DNSDialup": {
      "average": 0.00017454729465478922,
      "fastest": 0.000029907,
      "slowest": 0.009483643
    },
    "DNSLookup": {
      "average": 5.6116055006328605e-6,
      "fastest": 3.018e-6,
      "slowest": 0.005006448
    }
  },
  "statusCodeDistribution": {
    "200": 997589
  },
  "errorDistribution": {
    "operation was canceled": 2411
  }
}