{
  "summary": {
    "successRate": 0.9977,
    "total": 0.382132917,
    "slowest": 0.019501792,
    "fastest": 9.875e-6,
    "average": 0.0037998157496241442,
    "requestsPerSec": 26168.904993861073,
    "totalData": 12560,
    "sizePerRequest": 1,
    "sizePerSec": 32868.14467228951
  },
  "responseTimeHistogram": {
    "0.000009875": 1,
    "0.0019590667": 3521,
    "0.0039082584000000005": 154,
    "0.005857450100000001": 5298,
    "0.007806641800000001": 803,
    "0.0097558335": 62,
    "0.0117050252": 38,
    "0.0136542169": 0,
    "0.0156034086": 26,
    "0.0175526003": 35,
    "0.019501792": 39
  },
  "latencyPercentiles": {
    "p10": 0.000034375,
    "p25": 0.000072458,
    "p50": 0.005504625,
    "p75": 0.005727291,
    "p90": 0.005858333,
    "p95": 0.00595825,
    "p99": 0.014021833,
    "p99.9": 0.019028208,
    "p99.99": 0.019501792
  },
  "rps": {
    "mean": 26342.076108655732,
    "stddev": 5773.08443876054,
    "max": 38665.41027456146,
    "min": 73.45154772326987,
    "percentiles": {
      "p10": 23296.481750534786,
      "p25": 26502.809699385823,
      "p50": 27424.339100952122,
      "p75": 28120.91995581,
      "p90": 28832.678958331362,
      "p95": 32254.41802630092,
      "p99": 38665.41027456146,
      "p99.9": 38665.41027456146,
      "p99.99": 38665.41027456146
    }
  },
  "details": {
    "DNSDialup": {
      "average": 0.0002863305468152861,
      "fastest": 0.0000335,
      "slowest": 0.014263167
    },
    "DNSLookup": {
      "average": 2.9669670382165556e-6,
      "fastest": 1.041e-6,
      "slowest": 0.000146375
    }
  },
  "statusCodeDistribution": {
    "200": 9977
  },
  "errorDistribution": {
    "operation was canceled": 23
  }
}