{
  "summary": {
    "successRate": 1.0,
    "total": 5.548433526,
    "slowest": 5.548358822,
    "fastest": 0.000018945,
    "average": 0.0013854634029925,
    "requestsPerSec": 72092.41998225212,
    "totalData": 800000,
    "sizePerRequest": 2,
    "sizePerSec": 144184.83996450424
  },
  "responseTimeHistogram": {
    "0.000018945": 1,
    "0.5548529327": 399901,
    "1.1096869204000002": 0,
    "1.6645209081000003": 0,
    "2.2193548958": 0,
    "2.7741888835": 0,
    "3.3290228712000003": 0,
    "3.8838568589": 0,
    "4.4386908466": 0,
    "4.9935248343000005": 0,
    "5.548358822": 98
  },
  "latencyPercentiles": {
    "p10": 0.000025223,
    "p25": 0.00002537,
    "p50": 0.0000255,
    "p75": 0.000025648,
    "p90": 0.000026055,
    "p95": 0.000031834,
    "p99": 0.000047926,
    "p99.9": 0.000110315,
    "p99.99": 5.546787762
  },
  "rps": {
    "mean": 72062.60715030885,
    "stddev": 7545.523902106029,
    "max": 76982.40288827557,
    "min": 24722.660790880636,
    "percentiles": {
      "p10": 62340.976724000866,
      "p25": 71197.87611768389,
      "p50": 75670.89606252119,
      "p75": 76289.41118991488,
      "p90": 76454.9252182767,
      "p95": 76581.9580114619,
      "p99": 76774.34827887242,
      "p99.9": 76982.40288827557,
      "p99.99": 76982.40288827557
    }
  },
  "details": {
    "DNSDialup": {
      "average": 0.0014385002599999997,
      "fastest": 0.000191408,
      "slowest": 0.001976948
    },
    "DNSLookup": {
      "average": 6.950609999999998e-6,
      "fastest": 3.981e-6,
      "slowest": 0.000083241
    }
  },
  "statusCodeDistribution": {
    "200": 400000
  },
  "errorDistribution": {}
}