{
  "summary": {
    "successRate": 0.987858,
    "total": 35.974408867,
    "slowest": 0.018909328,
    "fastest": 0.000754973,
    "average": 0.003635026516666382,
    "requestsPerSec": 27797.538069272312,
    "totalData": 1975716,
    "sizePerRequest": 2,
    "sizePerSec": 54920.040724070415
  },
  "responseTimeHistogram": {
    "0.000754973": 1,
    "0.0025704085": 237325,
    "0.004385844": 520494,
    "0.006201279499999999": 165572,
    "0.008016715": 50381,
    "0.009832150500000001": 11922,
    "0.011647586": 1902,
    "0.0134630215": 242,
    "0.015278457": 17,
    "0.0170938925": 1,
    "0.018909328": 1
  },
  "latencyPercentiles": {
    "p10": 0.002235177,
    "p25": 0.002592063,
    "p50": 0.00326774,
    "p75": 0.004293822,
    "p90": 0.005579474,
    "p95": 0.006569295,
    "p99": 0.008384683,
    "p99.9": 0.010468288,
    "p99.99": 0.01266743
  },
  "rps": {
    "mean": 27487.42384143616,
    "stddev": 7625.553300521896,
    "max": 103325.79915963652,
    "min": 5622.855219611559,
    "percentiles": {
      "p10": 16614.86698297609,
      "p25": 22036.366615825344,
      "p50": 27365.88610739483,
      "p75": 33756.77264606424,
      "p90": 36940.59590802573,
      "p95": 38751.247588867845,
      "p99": 41415.827645175064,
      "p99.9": 42560.943014302786,
      "p99.99": 103325.79915963652
    }
  },
  "details": {
    "DNSDialup": {
      "average": 0.0010486183180770862,
      "fastest": 0.000029388,
      "slowest": 0.010066684
    },
    "DNSLookup": {
      "average": 5.471223880355177e-6,
      "fastest": 3.056e-6,
      "slowest": 0.005521123
    }
  },
  "statusCodeDistribution": {
    "200": 987858
  },
  "errorDistribution": {
    "connection closed before message completed": 8971,
    "connection error": 2927,
    "operation was canceled": 244
  }
}