{
  "summary": {
    "successRate": 0.9099,
    "total": 0.306012,
    "slowest": 0.008661791,
    "fastest": 0.002266375,
    "average": 0.0033444409962633172,
    "requestsPerSec": 32678.45705397174,
    "totalData": 18198,
    "sizePerRequest": 2,
    "sizePerSec": 59468.256146817774
  },
  "responseTimeHistogram": {
    "0.002266375": 1,
    "0.0029059166": 242,
    "0.0035454582": 7619,
    "0.0041849998": 936,
    "0.0048245414": 7,
    "0.005464083": 19,
    "0.0061036245999999995": 31,
    "0.0067431662": 38,
    "0.0073827078": 6,
    "0.0080222494": 7,
    "0.008661790999999999": 193
  },
  "latencyPercentiles": {
    "p10": 0.002973208,
    "p25": 0.0030385,
    "p50": 0.003127042,
    "p75": 0.003327667,
    "p90": 0.003686667,
    "p95": 0.004030167,
    "p99": 0.008368875,
    "p99.9": 0.008571916,
    "p99.99": 0.008661791
  },
  "rps": {
    "mean": 29892.61786921656,
    "stddev": 6346.416793456455,
    "max": 44536.38896768009,
    "min": 11927.65874968317,
    "percentiles": {
      "p10": 27498.996386993174,
      "p25": 30088.345642798744,
      "p50": 31010.483657827503,
      "p75": 32708.44859227145,
      "p90": 32931.42316398305,
      "p95": 34554.55302577499,
      "p99": 44536.38896768009,
      "p99.9": 44536.38896768009,
      "p99.99": 44536.38896768009
    }
  },
  "details": {
    "DNSDialup": {
      "average": 0.0017125195929223011,
      "fastest": 0.000917584,
      "slowest": 0.005373708
    },
    "DNSLookup": {
      "average": 2.6124402681613434e-6,
      "fastest": 9.16e-7,
      "slowest": 0.000092708
    }
  },
  "statusCodeDistribution": {
    "200": 9099
  },
  "errorDistribution": {
    "connection closed before message completed": 868,
    "operation was canceled": 33
  }
}