{
  "summary": {
    "successRate": 0.88424,
    "total": 3.015018337,
    "slowest": 0.00863506,
    "fastest": 0.000068741,
    "average": 0.0003291244846421764,
    "requestsPerSec": 33167.29413311028,
    "totalData": 176848,
    "sizePerRequest": 2,
    "sizePerSec": 58655.69632852286
  },
  "responseTimeHistogram": {
    "0.000068741": 1,
    "0.0009253728999999999": 87260,
    "0.0017820047999999998": 857,
    "0.0026386367": 136,
    "0.0034952686": 89,
    "0.004351900499999999": 25,
    "0.005208532399999999": 33,
    "0.006065164299999999": 12,
    "0.006921796199999999": 9,
    "0.007778428099999999": 1,
    "0.00863506": 1
  },
  "latencyPercentiles": {
    "p10": 0.000186092,
    "p25": 0.000222906,
    "p50": 0.000280591,
    "p75": 0.000365054,
    "p90": 0.000510165,
    "p95": 0.000612442,
    "p99": 0.001082978,
    "p99.9": 0.003351413,
    "p99.99": 0.006141681
  },
  "rps": {
    "mean": 29279.113333952308,
    "stddev": 6366.536844607579,
    "max": 41867.70528027066,
    "min": 4661.156234255873,
    "percentiles": {
      "p10": 20058.2069106341,
      "p25": 26055.73060218509,
      "p50": 31477.82262086555,
      "p75": 33875.71900712471,
      "p90": 35060.18782443813,
      "p95": 35722.3621987364,
      "p99": 38730.26770421175,
      "p99.9": 41867.70528027066,
      "p99.99": 41867.70528027066
    }
  },
  "details": {
    "DNSDialup": {
      "average": 0.00010235266764679313,
      "fastest": 0.000027074,
      "slowest": 0.005516127
    },
    "DNSLookup": {
      "average": 4.842006581923479e-6,
      "fastest": 2.833e-6,
      "slowest": 0.004359243
    }
  },
  "statusCodeDistribution": {
    "200": 88424
  },
  "errorDistribution": {
    "connection closed before message completed": 10170,
    "connection error": 880,
    "operation was canceled": 526
  }
}