{
  "summary": {
    "successRate": 1.0,
    "total": 1.442059464,
    "slowest": 1.441950704,
    "fastest": 0.000018871,
    "average": 0.00014297033675,
    "requestsPerSec": 69345.2679979083,
    "totalData": 200000,
    "sizePerRequest": 2,
    "sizePerSec": 138690.5359958166
  },
  "responseTimeHistogram": {
    "0.000018871": 1,
    "0.1442120543": 99991,
    "0.2884052376": 0,
    "0.4325984209": 0,
    "0.5767916042": 0,
    "0.7209847875": 0,
    "0.8651779708": 0,
    "1.0093711541": 0,
    "1.1535643374": 0,
    "1.2977575207": 0,
    "1.441950704": 8
  },
  "latencyPercentiles": {
    "p10": 0.000025278,
    "p25": 0.000025407,
    "p50": 0.000025537,
    "p75": 0.000025723,
    "p90": 0.000026315,
    "p95": 0.000036501,
    "p99": 0.000063445,
    "p99.9": 0.000257503,
    "p99.99": 0.002855568
  },
  "rps": {
    "mean": 69360.45334432695,
    "stddev": 9822.525365506948,
    "max": 76890.70796818985,
    "min": 38405.69172351359,
    "percentiles": {
      "p10": 52676.480982739035,
      "p25": 65423.264512860726,
      "p50": 74363.208727418,
      "p75": 76211.29451384729,
      "p90": 76529.05808335418,
      "p95": 76627.961543167,
      "p99": 76876.16890815437,
      "p99.9": 76890.70796818985,
      "p99.99": 76890.70796818985
    }
  },
  "details": {
    "DNSDialup": {
      "average": 0.00028329749999999996,
      "fastest": 0.000111723,
      "slowest": 0.000528283
    },
    "DNSLookup": {
      "average": 0.0000216224,
      "fastest": 4.093e-6,
      "slowest": 0.000064278
    }
  },
  "statusCodeDistribution": {
    "200": 100000
  },
  "errorDistribution": {}
}