{
  "summary": {
    "successRate": 0.88336,
    "total": 2.684530927,
    "slowest": 0.005950361,
    "fastest": 0.000077242,
    "average": 0.0002923023738679615,
    "requestsPerSec": 37250.455561617004,
    "totalData": 176672,
    "sizePerRequest": 2,
    "sizePerSec": 65811.12484982
  },
  "responseTimeHistogram": {
    "0.000077242": 1,
    "0.0006645539000000001": 87532,
    "0.0012518658": 478,
    "0.0018391777000000002": 226,
    "0.0024264896": 31,
    "0.0030138015": 22,
    "0.0036011134000000005": 19,
    "0.0041884253000000005": 8,
    "0.0047757372000000005": 16,
    "0.0053630491": 1,
    "0.005950361": 2
  },
  "latencyPercentiles": {
    "p10": 0.000177486,
    "p25": 0.000209672,
    "p50": 0.000259803,
    "p75": 0.00033349,
    "p90": 0.000426271,
    "p95": 0.000550403,
    "p99": 0.000651332,
    "p99.9": 0.00194046,
    "p99.99": 0.004547583
  },
  "rps": {
    "mean": 32902.93428832977,
    "stddev": 4315.46353450553,
    "max": 44221.6715069848,
    "min": 15247.580073619729,
    "percentiles": {
      "p10": 26644.4287907029,
      "p25": 30339.444311549458,
      "p50": 34294.21650099334,
      "p75": 35474.002316232196,
      "p90": 37342.21537448047,
      "p95": 38659.40043989396,
      "p99": 41030.95503972719,
      "p99.9": 44221.6715069848,
      "p99.99": 44221.6715069848
    }
  },
  "details": {
    "DNSDialup": {
      "average": 0.00009306844897889943,
      "fastest": 0.000026593,
      "slowest": 0.004247668
    },
    "DNSLookup": {
      "average": 4.494584665368575e-6,
      "fastest": 2.833e-6,
      "slowest": 0.004194629
    }
  },
  "statusCodeDistribution": {
    "200": 88336
  },
  "errorDistribution": {
    "connection closed before message completed": 10288,
    "connection error": 860,
    "operation was canceled": 516
  }
}