{
  "summary": {
    "successRate": 0.9089,
    "total": 0.309483709,
    "slowest": 0.011240459,
    "fastest": 0.002208,
    "average": 0.00338591946506766,
    "requestsPerSec": 32311.87849050885,
    "totalData": 18178,
    "sizePerRequest": 2,
    "sizePerSec": 58736.532720046984
  },
  "responseTimeHistogram": {
    "0.002208": 1,
    "0.0031112458999999998": 3846,
    "0.0040144918": 4873,
    "0.0049177377": 82,
    "0.005820983599999999": 49,
    "0.0067242295": 83,
    "0.0076274754": 43,
    "0.008530721299999999": 4,
    "0.0094339672": 8,
    "0.0103372131": 4,
    "0.011240459": 96
  },
  "latencyPercentiles": {
    "p10": 0.002963375,
    "p25": 0.003034334,
    "p50": 0.003152291,
    "p75": 0.003379083,
    "p90": 0.003836083,
    "p95": 0.003972333,
    "p99": 0.010581375,
    "p99.9": 0.01117375,
    "p99.99": 0.011240459
  },
  "rps": {
    "mean": 29571.4543050732,
    "stddev": 6373.118924179067,
    "max": 44675.32151612647,
    "min": 6601.980594178253,
    "percentiles": {
      "p10": 25743.492247069684,
      "p25": 29334.783213423227,
      "p50": 30712.137692750646,
      "p75": 32103.345168566557,
      "p90": 33510.19380095425,
      "p95": 34815.524242259635,
      "p99": 44675.32151612647,
      "p99.9": 44675.32151612647,
      "p99.99": 44675.32151612647
    }
  },
  "details": {
    "DNSDialup": {
      "average": 0.0017443296039168295,
      "fastest": 0.000971125,
      "slowest": 0.006584791
    },
    "DNSLookup": {
      "average": 2.505719000990214e-6,
      "fastest": 9.17e-7,
      "slowest": 0.000140417
    }
  },
  "statusCodeDistribution": {
    "200": 9089
  },
  "errorDistribution": {
    "connection closed before message completed": 877,
    "operation was canceled": 34
  }
}