{
  "summary": {
    "successRate": 0.99998,
    "total": 1.12148292,
    "slowest": 1.121015563,
    "fastest": 0.000017963,
    "average": 0.00011027344668893338,
    "requestsPerSec": 89167.65312841322,
    "totalData": 199996,
    "sizePerRequest": 2,
    "sizePerSec": 178331.7395507013
  },
  "responseTimeHistogram": {
    "0.000017963": 1,
    "0.11211772300000002": 99993,
    "0.22421748300000005": 0,
    "0.3363172430000001": 0,
    "0.4484170030000001": 0,
    "0.5605167630000001": 0,
    "0.6726165230000002": 0,
    "0.7847162830000002": 0,
    "0.8968160430000002": 0,
    "1.008915803": 0,
    "1.121015563": 4
  },
  "latencyPercentiles": {
    "p10": 0.000023019,
    "p25": 0.000028223,
    "p50": 0.000056648,
    "p75": 0.000080705,
    "p90": 0.000093871,
    "p95": 0.000114649,
    "p99": 0.000239113,
    "p99.9": 0.001612592,
    "p99.99": 0.004033915
  },
  "rps": {
    "mean": 89236.12743677128,
    "stddev": 10289.834447683328,
    "max": 114834.65709951277,
    "min": 51304.176159939416,
    "percentiles": {
      "p10": 77398.60582381957,
      "p25": 84820.72170231242,
      "p50": 88703.48148149633,
      "p75": 94850.35678557625,
      "p90": 103506.57036484776,
      "p95": 106311.60922772737,
      "p99": 111344.52667621746,
      "p99.9": 114834.65709951277,
      "p99.99": 114834.65709951277
    }
  },
  "details": {
    "DNSDialup": {
      "average": 0.0002511157,
      "fastest": 0.000079963,
      "slowest": 0.000481376
    },
    "DNSLookup": {
      "average": 0.0000201186,
      "fastest": 3.333e-6,
      "slowest": 0.000052834
    }
  },
  "statusCodeDistribution": {
    "200": 99998
  },
  "errorDistribution": {
    "connection error": 2
  }
}