{
  "summary": {
    "successRate": 0.99997,
    "total": 1.127083158,
    "slowest": 1.1261021979999999,
    "fastest": 0.000018074,
    "average": 0.00009929265222956708,
    "requestsPerSec": 88724.59790584503,
    "totalData": 199994,
    "sizePerRequest": 2,
    "sizePerSec": 177443.8723358157
  },
  "responseTimeHistogram": {
    "0.000018074": 1,
    "0.1126264864": 99993,
    "0.2252348988": 0,
    "0.3378433112": 0,
    "0.45045172359999996": 0,
    "0.5630601359999999": 0,
    "0.6756685484": 0,
    "0.7882769608": 0,
    "0.9008853732": 0,
    "1.0134937856": 0,
    "1.1261021979999999": 3
  },
  "latencyPercentiles": {
    "p10": 0.000023037,
    "p25": 0.000028389,
    "p50": 0.0000545,
    "p75": 0.00008124,
    "p90": 0.00009374,
    "p95": 0.000115259,
    "p99": 0.000250259,
    "p99.9": 0.001918308,
    "p99.99": 0.003843633
  },
  "rps": {
    "mean": 88708.54865634975,
    "stddev": 11968.461584606563,
    "max": 116102.36848831775,
    "min": 54381.9697456437,
    "percentiles": {
      "p10": 71219.25056342599,
      "p25": 83716.59262865903,
      "p50": 90538.39733430948,
      "p75": 95600.53536299872,
      "p90": 100836.78525926272,
      "p95": 104916.58330737143,
      "p99": 115833.24414106825,
      "p99.9": 116102.36848831775,
      "p99.99": 116102.36848831775
    }
  },
  "details": {
    "DNSDialup": {
      "average": 0.00036878866666666663,
      "fastest": 0.000138314,
      "slowest": 0.000891367
    },
    "DNSLookup": {
      "average": 0.00004257611111111111,
      "fastest": 4.241e-6,
      "slowest": 0.000145277
    }
  },
  "statusCodeDistribution": {
    "200": 99997
  },
  "errorDistribution": {
    "connection error": 3
  }
}