{
  "summary": {
    "successRate": 0.9999375,
    "total": 4.338842026,
    "slowest": 4.335166407,
    "fastest": 0.000017592,
    "average": 0.00083260415251453,
    "requestsPerSec": 92190.49635894717,
    "totalData": 799950,
    "sizePerRequest": 2,
    "sizePerSec": 184369.4689058495
  },
  "responseTimeHistogram": {
    "0.000017592": 1,
    "0.4335324735": 399903,
    "0.867047355": 0,
    "1.3005622365": 0,
    "1.734077118": 0,
    "2.1675919995": 0,
    "2.6011068809999998": 0,
    "3.0346217625": 0,
    "3.468136644": 0,
    "3.9016515254999997": 0,
    "4.335166407": 71
  },
  "latencyPercentiles": {
    "p10": 0.000022704,
    "p25": 0.000027908,
    "p50": 0.000053408,
    "p75": 0.00007987,
    "p90": 0.000091555,
    "p95": 0.000108889,
    "p99": 0.000181,
    "p99.9": 0.002446098,
    "p99.99": 4.334544905
  },
  "rps": {
    "mean": 92197.38999774757,
    "stddev": 12299.0516958102,
    "max": 125047.8683239955,
    "min": 40905.50997219326,
    "percentiles": {
      "p10": 75242.88091783604,
      "p25": 86222.78868304858,
      "p50": 92682.67294426385,
      "p75": 99475.2928491573,
      "p90": 106515.52674030371,
      "p95": 111533.12654109536,
      "p99": 119509.01097942765,
      "p99.9": 125047.8683239955,
      "p99.99": 125047.8683239955
    }
  },
  "details": {
    "DNSDialup": {
      "average": 0.001575668818181818,
      "fastest": 0.000216278,
      "slowest": 0.002262653
    },
    "DNSLookup": {
      "average": 7.509337662337665e-6,
      "fastest": 3.129e-6,
      "slowest": 0.000121445
    }
  },
  "statusCodeDistribution": {
    "200": 399975
  },
  "errorDistribution": {
    "connection closed before message completed": 2,
    "connection error": 23
  }
}