{
  "summary": {
    "successRate": 0.99997,
    "total": 1.0627420810000001,
    "slowest": 1.06220284,
    "fastest": 0.000017574,
    "average": 0.0001042596614798434,
    "requestsPerSec": 94096.2080902111,
    "totalData": 199994,
    "sizePerRequest": 2,
    "sizePerSec": 188186.7704079368
  },
  "responseTimeHistogram": {
    "0.000017574": 1,
    "0.10623610060000002": 99992,
    "0.21245462720000002": 0,
    "0.31867315380000005": 0,
    "0.4248916804000001": 0,
    "0.5311102070000001": 0,
    "0.6373287336000001": 0,
    "0.7435472602000002": 0,
    "0.8497657868000001": 0,
    "0.9559843134000001": 0,
    "1.06220284": 4
  },
  "latencyPercentiles": {
    "p10": 0.000021797,
    "p25": 0.000026779,
    "p50": 0.000054261,
    "p75": 0.000080429,
    "p90": 0.000090188,
    "p95": 0.000105651,
    "p99": 0.000163116,
    "p99.9": 0.00173202,
    "p99.99": 0.004527909
  },
  "rps": {
    "mean": 94079.24598279929,
    "stddev": 10243.671957695637,
    "max": 122011.98157659051,
    "min": 58211.64815079445,
    "percentiles": {
      "p10": 82301.10283477779,
      "p25": 88604.95211473611,
      "p50": 93380.27902587845,
      "p75": 101104.32955767056,
      "p90": 107118.09224577992,
      "p95": 112442.27829663965,
      "p99": 119939.05734308418,
      "p99.9": 122011.98157659051,
      "p99.99": 122011.98157659051
    }
  },
  "details": {
    "DNSDialup": {
      "average": 0.0003418353,
      "fastest": 0.000047149,
      "slowest": 0.00072469
    },
    "DNSLookup": {
      "average": 0.0000215415,
      "fastest": 5.038e-6,
      "slowest": 0.000058298
    }
  },
  "statusCodeDistribution": {
    "200": 99997
  },
  "errorDistribution": {
    "connection error": 3
  }
}