{
  "summary": {
    "successRate": 1.0,
    "total": 9.348792488,
    "slowest": 0.016655543,
    "fastest": 0.000024648,
    "average": 0.0009320999619650013,
    "requestsPerSec": 106965.68581274942,
    "totalData": 2000000,
    "sizePerRequest": 2,
    "sizePerSec": 213931.37162549884
  },
  "responseTimeHistogram": {
    "0.000024648": 1,
    "0.0016877374999999999": 915767,
    "0.003350827": 75049,
    "0.0050139165": 6891,
    "0.006677006": 1605,
    "0.0083400955": 633,
    "0.010003185": 53,
    "0.0116662745": 0,
    "0.013329364": 0,
    "0.014992453499999999": 0,
    "0.016655543": 1
  },
  "latencyPercentiles": {
    "p10": 0.000410236,
    "p25": 0.000569531,
    "p50": 0.000788214,
    "p75": 0.001107747,
    "p90": 0.001582779,
    "p95": 0.002023293,
    "p99": 0.003251095,
    "p99.9": 0.006209785,
    "p99.99": 0.007944897
  },
  "rps": {
    "mean": 106881.30793849292,
    "stddev": 30332.24440176128,
    "max": 185016.04089074535,
    "min": 24703.880979703208,
    "percentiles": {
      "p10": 68260.90920929037,
      "p25": 83163.58348211518,
      "p50": 105418.51149061845,
      "p75": 132411.22847217723,
      "p90": 148912.1053854418,
      "p95": 153836.37966777306,
      "p99": 167471.13875669122,
      "p99.9": 185016.04089074535,
      "p99.99": 185016.04089074535
    }
  },
  "details": {
    "DNSDialup": {
      "average": 0.00164541139,
      "fastest": 0.000220572,
      "slowest": 0.003243706
    },
    "DNSLookup": {
      "average": 6.08916e-6,
      "fastest": 3.185e-6,
      "slowest": 0.000079018
    }
  },
  "statusCodeDistribution": {
    "200": 1000000
  },
  "errorDistribution": {}
}