{
  "summary": {
    "successRate": 1.0,
    "total": 1.142449995,
    "slowest": 0.007698197,
    "fastest": 0.000018778,
    "average": 0.00011208461819000028,
    "requestsPerSec": 87531.18336702343,
    "totalData": 200000,
    "sizePerRequest": 2,
    "sizePerSec": 175062.36673404687
  },
  "responseTimeHistogram": {
    "0.000018778": 1,
    "0.0007867199": 99610,
    "0.0015546618": 195,
    "0.0023226037": 98,
    "0.0030905456000000003": 20,
    "0.0038584875000000005": 27,
    "0.0046264294": 27,
    "0.0053943713": 2,
    "0.0061623132": 10,
    "0.0069302551": 1,
    "0.007698197": 9
  },
  "latencyPercentiles": {
    "p10": 0.000043668,
    "p25": 0.000068575,
    "p50": 0.000106167,
    "p75": 0.000125798,
    "p90": 0.000158594,
    "p95": 0.000182354,
    "p99": 0.000335541,
    "p99.9": 0.002299599,
    "p99.99": 0.005916992
  },
  "rps": {
    "mean": 87489.57591613836,
    "stddev": 16216.293102250658,
    "max": 129088.68392585685,
    "min": 40116.71154890925,
    "percentiles": {
      "p10": 66635.17004274811,
      "p25": 76429.2878635905,
      "p50": 89510.59805480999,
      "p75": 96997.5407269553,
      "p90": 104522.45142256583,
      "p95": 115641.96646963178,
      "p99": 126130.55774031713,
      "p99.9": 129088.68392585685,
      "p99.99": 129088.68392585685
    }
  },
  "details": {
    "DNSDialup": {
      "average": 0.00030793499999999996,
      "fastest": 0.000046815,
      "slowest": 0.000722231
    },
    "DNSLookup": {
      "average": 0.0000130836,
      "fastest": 3.13e-6,
      "slowest": 0.000049908
    }
  },
  "statusCodeDistribution": {
    "200": 100000
  },
  "errorDistribution": {}
}