{
  "summary": {
    "successRate": 1.0,
    "total": 1.061724086,
    "slowest": 0.006008144,
    "fastest": 0.000019149,
    "average": 0.00010360390359000031,
    "requestsPerSec": 94186.42877053465,
    "totalData": 200000,
    "sizePerRequest": 2,
    "sizePerSec": 188372.8575410693
  },
  "responseTimeHistogram": {
    "0.000019149": 1,
    "0.0006180484999999999": 99478,
    "0.0012169479999999998": 88,
    "0.0018158474999999997": 98,
    "0.0024147469999999996": 72,
    "0.0030136464999999993": 91,
    "0.0036125459999999995": 41,
    "0.0042114455": 97,
    "0.004810345": 9,
    "0.005409244499999999": 8,
    "0.006008143999999999": 17
  },
  "latencyPercentiles": {
    "p10": 0.000027409,
    "p25": 0.000055539,
    "p50": 0.000093762,
    "p75": 0.000122319,
    "p90": 0.000137911,
    "p95": 0.000159153,
    "p99": 0.000252619,
    "p99.9": 0.003755316,
    "p99.99": 0.005896529
  },
  "rps": {
    "mean": 94233.51256198535,
    "stddev": 10979.07702269292,
    "max": 122318.41645897362,
    "min": 62720.30381474688,
    "percentiles": {
      "p10": 81869.40069096617,
      "p25": 87724.72183032706,
      "p50": 94193.98675998923,
      "p75": 98908.39370866501,
      "p90": 108798.27748405116,
      "p95": 115398.04217663409,
      "p99": 119450.82632660196,
      "p99.9": 122318.41645897362,
      "p99.99": 122318.41645897362
    }
  },
  "details": {
    "DNSDialup": {
      "average": 0.0003679738,
      "fastest": 0.000137985,
      "slowest": 0.000635075
    },
    "DNSLookup": {
      "average": 0.0000221916,
      "fastest": 3.982e-6,
      "slowest": 0.000068558
    }
  },
  "statusCodeDistribution": {
    "200": 100000
  },
  "errorDistribution": {}
}