{
  "summary": {
    "successRate": 1.0,
    "total": 1.101597294,
    "slowest": 0.00616307,
    "fastest": 0.000018703,
    "average": 0.0001083650416999979,
    "requestsPerSec": 90777.27454911485,
    "totalData": 200000,
    "sizePerRequest": 2,
    "sizePerSec": 181554.5490982297
  },
  "responseTimeHistogram": {
    "0.000018703": 1,
    "0.0006331396999999999": 99751,
    "0.0012475763999999997": 145,
    "0.0018620130999999996": 48,
    "0.0024764497999999998": 21,
    "0.0030908865": 17,
    "0.0037053231999999996": 4,
    "0.004319759899999999": 12,
    "0.004934196599999999": 0,
    "0.0055486332999999995": 0,
    "0.00616307": 1
  },
  "latencyPercentiles": {
    "p10": 0.000044166,
    "p25": 0.000071778,
    "p50": 0.000107259,
    "p75": 0.00012737,
    "p90": 0.000148333,
    "p95": 0.000178666,
    "p99": 0.000318869,
    "p99.9": 0.001258365,
    "p99.99": 0.003990522
  },
  "rps": {
    "mean": 90738.26786302471,
    "stddev": 11028.244894763295,
    "max": 108982.54337835418,
    "min": 48004.54429656916,
    "percentiles": {
      "p10": 75218.66927371344,
      "p25": 85006.09610855355,
      "p50": 93415.74989543235,
      "p75": 98504.56076116321,
      "p90": 102228.2651823269,
      "p95": 103015.84383678224,
      "p99": 108946.41117115857,
      "p99.9": 108982.54337835418,
      "p99.99": 108982.54337835418
    }
  },
  "details": {
    "DNSDialup": {
      "average": 0.00040713,
      "fastest": 0.000111833,
      "slowest": 0.000784034
    },
    "DNSLookup": {
      "average": 0.000021550000000000002,
      "fastest": 4.111e-6,
      "slowest": 0.00005837
    }
  },
  "statusCodeDistribution": {
    "200": 100000
  },
  "errorDistribution": {}
}