{
  "summary": {
    "successRate": 1.0,
    "total": 0.081152625,
    "slowest": 0.009628209,
    "fastest": 0.000045541,
    "average": 0.000795360472199999,
    "requestsPerSec": 123224.60302423981,
    "totalData": 20000,
    "sizePerRequest": 2,
    "sizePerSec": 246449.20604847962
  },
  "responseTimeHistogram": {
    "0.000045541": 1,
    "0.0010038078": 9380,
    "0.0019620746": 48,
    "0.0029203414000000005": 422,
    "0.0038786082000000005": 37,
    "0.004836875": 7,
    "0.0057951418000000005": 8,
    "0.0067534086": 8,
    "0.0077116754000000004": 1,
    "0.0086699422": 30,
    "0.009628209": 58
  },
  "latencyPercentiles": {
    "p10": 0.000535,
    "p25": 0.000575584,
    "p50": 0.000619333,
    "p75": 0.00067175,
    "p90": 0.0007565,
    "p95": 0.0024015,
    "p99": 0.005624208,
    "p99.9": 0.009493458,
    "p99.99": 0.009552458
  },
  "rps": {
    "mean": 125406.6611843171,
    "stddev": 60372.97510848621,
    "max": 166438.01039822216,
    "min": 7304.870156933627,
    "percentiles": {
      "p10": 7304.870156933627,
      "p25": 122634.23947966272,
      "p50": 160391.79651026693,
      "p75": 163352.40345102714,
      "p90": 166438.01039822216,
      "p95": 166438.01039822216,
      "p99": 166438.01039822216,
      "p99.9": 166438.01039822216,
      "p99.99": 166438.01039822216
    }
  },
  "details": {
    "DNSDialup": {
      "average": 0.0026323495800000003,
      "fastest": 0.000950541,
      "slowest": 0.003479084
    },
    "DNSLookup": {
      "average": 8.678770000000004e-6,
      "fastest": 1.25e-6,
      "slowest": 0.000109208
    }
  },
  "statusCodeDistribution": {
    "200": 10000
  },
  "errorDistribution": {}
}