{
  "summary": {
    "successRate": 1.0,
    "total": 3.317253959,
    "slowest": 0.009021352,
    "fastest": 0.000019352,
    "average": 0.000825948945607505,
    "requestsPerSec": 120581.6633106323,
    "totalData": 800000,
    "sizePerRequest": 2,
    "sizePerSec": 241163.3266212646
  },
  "responseTimeHistogram": {
    "0.000019352": 1,
    "0.000919552": 268738,
    "0.001819752": 107970,
    "0.002719952": 16947,
    "0.0036201519999999997": 3842,
    "0.004520352": 1449,
    "0.005420552": 579,
    "0.006320752": 369,
    "0.007220952": 57,
    "0.008121152": 26,
    "0.009021352": 22
  },
  "latencyPercentiles": {
    "p10": 0.000254482,
    "p25": 0.000428038,
    "p50": 0.00069426,
    "p75": 0.001048965,
    "p90": 0.001496984,
    "p95": 0.001917263,
    "p99": 0.003136451,
    "p99.9": 0.005580641,
    "p99.99": 0.007601572
  },
  "rps": {
    "mean": 120560.27961988068,
    "stddev": 26129.31903741574,
    "max": 170195.13908274722,
    "min": 56017.830475440336,
    "percentiles": {
      "p10": 80352.95259576166,
      "p25": 99204.14451090936,
      "p50": 129507.16718084207,
      "p75": 140843.88499425436,
      "p90": 148144.53975610816,
      "p95": 152804.68236423863,
      "p99": 162297.63825917745,
      "p99.9": 170195.13908274722,
      "p99.99": 170195.13908274722
    }
  },
  "details": {
    "DNSDialup": {
      "average": 0.00178630139,
      "fastest": 0.000175167,
      "slowest": 0.003292433
    },
    "DNSLookup": {
      "average": 7.158189999999996e-6,
      "fastest": 3.259e-6,
      "slowest": 0.000066037
    }
  },
  "statusCodeDistribution": {
    "200": 400000
  },
  "errorDistribution": {}
}