{
  "summary": {
    "successRate": 1.0,
    "total": 0.085232416,
    "slowest": 0.005816334,
    "fastest": 0.00008825,
    "average": 0.0008349708166999999,
    "requestsPerSec": 117326.2529599067,
    "totalData": 20000,
    "sizePerRequest": 2,
    "sizePerSec": 234652.5059198134
  },
  "responseTimeHistogram": {
    "0.00008825": 1,
    "0.0006610584000000001": 5451,
    "0.0012338668000000002": 3531,
    "0.0018066752000000003": 100,
    "0.0023794836": 534,
    "0.0029522920000000005": 275,
    "0.0035251004000000008": 8,
    "0.0040979088": 8,
    "0.0046707172000000005": 3,
    "0.005243525600000001": 3,
    "0.005816334000000001": 86
  },
  "latencyPercentiles": {
    "p10": 0.000483584,
    "p25": 0.000585792,
    "p50": 0.000648708,
    "p75": 0.000747208,
    "p90": 0.001468334,
    "p95": 0.002347125,
    "p99": 0.003587458,
    "p99.9": 0.005752584,
    "p99.99": 0.005801375
  },
  "rps": {
    "mean": 118708.31018583472,
    "stddev": 53147.91057252216,
    "max": 160729.30924067955,
    "min": 22210.45890509841,
    "percentiles": {
      "p10": 22210.45890509841,
      "p25": 90947.365387894,
      "p50": 142710.86759323493,
      "p75": 155913.64244371385,
      "p90": 160729.30924067955,
      "p95": 160729.30924067955,
      "p99": 160729.30924067955,
      "p99.9": 160729.30924067955,
      "p99.99": 160729.30924067955
    }
  },
  "details": {
    "DNSDialup": {
      "average": 0.00219870205,
      "fastest": 0.001051333,
      "slowest": 0.002498125
    },
    "DNSLookup": {
      "average": 6.817049999999999e-6,
      "fastest": 1.167e-6,
      "slowest": 0.000070417
    }
  },
  "statusCodeDistribution": {
    "200": 10000
  },
  "errorDistribution": {}
}