{
  "summary": {
    "successRate": 1.0,
    "total": 0.079075708,
    "slowest": 0.006645584,
    "fastest": 0.000045458,
    "average": 0.0007740345001000022,
    "requestsPerSec": 126461.08713942846,
    "totalData": 90000,
    "sizePerRequest": 9,
    "sizePerSec": 1138149.7842548562
  },
  "responseTimeHistogram": {
    "0.000045458": 1,
    "0.0007054706": 7528,
    "0.0013654832": 1770,
    "0.0020254958000000003": 106,
    "0.0026855084": 388,
    "0.003345521": 98,
    "0.0040055336000000006": 14,
    "0.0046655462000000005": 4,
    "0.0053255588000000005": 2,
    "0.0059855714": 6,
    "0.006645584": 83
  },
  "latencyPercentiles": {
    "p10": 0.000481959,
    "p25": 0.00053625,
    "p50": 0.000628916,
    "p75": 0.000704541,
    "p90": 0.000816625,
    "p95": 0.002338625,
    "p99": 0.003927,
    "p99.9": 0.006476375,
    "p99.99": 0.00652625
  },
  "rps": {
    "mean": 126865.4565006847,
    "stddev": 58456.0824123705,
    "max": 163630.904723779,
    "min": 17121.331466874577,
    "percentiles": {
      "p10": 17121.331466874577,
      "p25": 149406.4520971192,
      "p50": 157516.16817402837,
      "p75": 163413.62869663324,
      "p90": 163630.904723779,
      "p95": 163630.904723779,
      "p99": 163630.904723779,
      "p99.9": 163630.904723779,
      "p99.99": 163630.904723779
    }
  },
  "details": {
    "DNSDialup": {
      "average": 0.0022142545700000005,
      "fastest": 0.000987958,
      "slowest": 0.002615459
    },
    "DNSLookup": {
      "average": 7.7508e-6,
      "fastest": 1.209e-6,
      "slowest": 0.00007225
    }
  },
  "statusCodeDistribution": {
    "404": 10000
  },
  "errorDistribution": {}
}