{
  "summary": {
    "successRate": 1.0,
    "total": 1.082938334,
    "slowest": 0.00537721,
    "fastest": 0.000019871,
    "average": 0.00010614214857999946,
    "requestsPerSec": 92341.36133184478,
    "totalData": 200000,
    "sizePerRequest": 2,
    "sizePerSec": 184682.72266368955
  },
  "responseTimeHistogram": {
    "0.000019871": 1,
    "0.0005556049": 99600,
    "0.0010913388000000001": 110,
    "0.0016270727000000003": 147,
    "0.0021628066": 44,
    "0.0026985405": 12,
    "0.0032342744000000002": 35,
    "0.0037700083": 18,
    "0.0043057422000000005": 20,
    "0.0048414761": 8,
    "0.00537721": 5
  },
  "latencyPercentiles": {
    "p10": 0.000037168,
    "p25": 0.000056872,
    "p50": 0.00009628,
    "p75": 0.000129948,
    "p90": 0.000161283,
    "p95": 0.000191913,
    "p99": 0.00029549,
    "p99.9": 0.002100078,
    "p99.99": 0.00465341
  },
  "rps": {
    "mean": 92303.44755624444,
    "stddev": 10768.383485874707,
    "max": 132919.29988234298,
    "min": 62171.43497879129,
    "percentiles": {
      "p10": 78228.34995402333,
      "p25": 87775.63025858422,
      "p50": 93641.18339245555,
      "p75": 97338.66291691069,
      "p90": 102341.02851833262,
      "p95": 110659.16945790953,
      "p99": 120415.16506386652,
      "p99.9": 132919.29988234298,
      "p99.99": 132919.29988234298
    }
  },
  "details": {
    "DNSDialup": {
      "average": 0.0004982917,
      "fastest": 0.000191746,
      "slowest": 0.000893914
    },
    "DNSLookup": {
      "average": 0.0000209116,
      "fastest": 5.074e-6,
      "slowest": 0.000053908
    }
  },
  "statusCodeDistribution": {
    "200": 100000
  },
  "errorDistribution": {}
}