{
  "summary": {
    "successRate": 1.0,
    "total": 1.097295711,
    "slowest": 0.0079962,
    "fastest": 0.000021593,
    "average": 0.00010783844513000052,
    "requestsPerSec": 91133.136671852,
    "totalData": 200000,
    "sizePerRequest": 2,
    "sizePerSec": 182266.273343704
  },
  "responseTimeHistogram": {
    "0.000021593": 1,
    "0.0008190537": 99761,
    "0.0016165144": 185,
    "0.0024139750999999997": 19,
    "0.0032114357999999997": 10,
    "0.0040088965": 18,
    "0.0048063572": 3,
    "0.0056038179": 2,
    "0.0064012786": 0,
    "0.0071987393": 0,
    "0.0079962": 1
  },
  "latencyPercentiles": {
    "p10": 0.000044945,
    "p25": 0.00006563,
    "p50": 0.000104501,
    "p75": 0.000127242,
    "p90": 0.000150761,
    "p95": 0.000185465,
    "p99": 0.000354819,
    "p99.9": 0.001251421,
    "p99.99": 0.003817543
  },
  "rps": {
    "mean": 91280.12679719126,
    "stddev": 10502.55447880221,
    "max": 113014.405446028,
    "min": 54004.29874217996,
    "percentiles": {
      "p10": 77100.57054422198,
      "p25": 85765.27595152678,
      "p50": 92509.64242820563,
      "p75": 97332.05136629162,
      "p90": 102906.85359644868,
      "p95": 107925.18973928558,
      "p99": 111472.86981499828,
      "p99.9": 113014.405446028,
      "p99.99": 113014.405446028
    }
  },
  "details": {
    "DNSDialup": {
      "average": 0.00025643059999999997,
      "fastest": 0.000087594,
      "slowest": 0.000461135
    },
    "DNSLookup": {
      "average": 0.000015670500000000002,
      "fastest": 3.593e-6,
      "slowest": 0.000063205
    }
  },
  "statusCodeDistribution": {
    "200": 100000
  },
  "errorDistribution": {}
}