{
  "summary": {
    "successRate": 1.0,
    "total": 3.2966993860000002,
    "slowest": 0.010715985,
    "fastest": 0.000024778,
    "average": 0.0008210180037650068,
    "requestsPerSec": 121333.47726476629,
    "totalData": 800000,
    "sizePerRequest": 2,
    "sizePerSec": 242666.95452953258
  },
  "responseTimeHistogram": {
    "0.000024778": 1,
    "0.0010938987": 317764,
    "0.0021630194": 68716,
    "0.0032321401": 9631,
    "0.0043012608": 2487,
    "0.0053703815": 945,
    "0.0064395022": 322,
    "0.007508622899999999": 50,
    "0.0085777436": 29,
    "0.0096468643": 54,
    "0.010715985": 1
  },
  "latencyPercentiles": {
    "p10": 0.000290278,
    "p25": 0.000434519,
    "p50": 0.000695409,
    "p75": 0.000998983,
    "p90": 0.001446744,
    "p95": 0.001886522,
    "p99": 0.0032081,
    "p99.9": 0.005525215,
    "p99.99": 0.009025778
  },
  "rps": {
    "mean": 121117.93752001107,
    "stddev": 25728.566998568673,
    "max": 156952.55788626516,
    "min": 1738.595249810112,
    "percentiles": {
      "p10": 85979.1030696066,
      "p25": 103305.51651458174,
      "p50": 126037.09271638673,
      "p75": 143903.95735883195,
      "p90": 149612.71708095085,
      "p95": 152702.54636909132,
      "p99": 156106.61043469387,
      "p99.9": 156952.55788626516,
      "p99.99": 156952.55788626516
    }
  },
  "details": {
    "DNSDialup": {
      "average": 0.002049413400000001,
      "fastest": 0.000256408,
      "slowest": 0.004170027
    },
    "DNSLookup": {
      "average": 6.877999999999999e-6,
      "fastest": 3.5e-6,
      "slowest": 0.000060926
    }
  },
  "statusCodeDistribution": {
    "200": 400000
  },
  "errorDistribution": {}
}