{
  "summary": {
    "successRate": 1.0,
    "total": 9.981731735,
    "slowest": 0.028978921,
    "fastest": 0.000024573,
    "average": 0.0009959557090840176,
    "requestsPerSec": 100183.01699028781,
    "totalData": 2000000,
    "sizePerRequest": 2,
    "sizePerSec": 200366.03398057562
  },
  "responseTimeHistogram": {
    "0.000024573": 1,
    "0.0029200078": 971248,
    "0.0058154426": 27056,
    "0.0087108774": 1547,
    "0.0116063122": 44,
    "0.014501746999999999": 51,
    "0.0173971818": 3,
    "0.0202926166": 1,
    "0.0231880514": 48,
    "0.0260834862": 0,
    "0.028978920999999998": 1
  },
  "latencyPercentiles": {
    "p10": 0.000321218,
    "p25": 0.000497272,
    "p50": 0.000801157,
    "p75": 0.00123669,
    "p90": 0.001859553,
    "p95": 0.002404085,
    "p99": 0.004128066,
    "p99.9": 0.006143303,
    "p99.99": 0.013664979
  },
  "rps": {
    "mean": 100090.0260709775,
    "stddev": 22905.51807290201,
    "max": 156626.6421918466,
    "min": 2302.5113491284947,
    "percentiles": {
      "p10": 72127.63209585032,
      "p25": 84632.57589537877,
      "p50": 98829.99490345296,
      "p75": 116226.96633802654,
      "p90": 132903.10622981255,
      "p95": 139154.8515187688,
      "p99": 145210.4696748688,
      "p99.9": 153003.29555160808,
      "p99.99": 156626.6421918466
    }
  },
  "details": {
    "DNSDialup": {
      "average": 0.00160708669,
      "fastest": 0.000135609,
      "slowest": 0.00394253
    },
    "DNSLookup": {
      "average": 6.230300000000005e-6,
      "fastest": 3.074e-6,
      "slowest": 0.00012985
    }
  },
  "statusCodeDistribution": {
    "200": 1000000
  },
  "errorDistribution": {}
}