{
  "summary": {
    "successRate": 1.0,
    "total": 1.127761284,
    "slowest": 0.006501291,
    "fastest": 0.000020685,
    "average": 0.00011072813856000056,
    "requestsPerSec": 88671.24755809581,
    "totalData": 200000,
    "sizePerRequest": 2,
    "sizePerSec": 177342.49511619163
  },
  "responseTimeHistogram": {
    "0.000020685": 1,
    "0.0006687456": 99467,
    "0.0013168062": 226,
    "0.0019648668": 116,
    "0.0026129274": 63,
    "0.003260988": 55,
    "0.0039090486": 29,
    "0.0045571092": 26,
    "0.0052051698": 11,
    "0.0058532304": 2,
    "0.006501291": 4
  },
  "latencyPercentiles": {
    "p10": 0.000037166,
    "p25": 0.000055259,
    "p50": 0.000095759,
    "p75": 0.000129721,
    "p90": 0.000165073,
    "p95": 0.000207684,
    "p99": 0.000415702,
    "p99.9": 0.002976063,
    "p99.99": 0.005031
  },
  "rps": {
    "mean": 88932.91408234701,
    "stddev": 10251.181372587538,
    "max": 129356.87501263867,
    "min": 58432.89772141698,
    "percentiles": {
      "p10": 75802.53180456214,
      "p25": 82734.02022911768,
      "p50": 90484.78424283554,
      "p75": 95023.22367586673,
      "p90": 99172.54471646008,
      "p95": 101315.94596856605,
      "p99": 118968.95440597297,
      "p99.9": 129356.87501263867,
      "p99.99": 129356.87501263867
    }
  },
  "details": {
    "DNSDialup": {
      "average": 0.0005425591,
      "fastest": 0.000105555,
      "slowest": 0.001831456
    },
    "DNSLookup": {
      "average": 0.000023083200000000003,
      "fastest": 4.037e-6,
      "slowest": 0.000069222
    }
  },
  "statusCodeDistribution": {
    "200": 100000
  },
  "errorDistribution": {}
}