{
  "summary": {
    "successRate": 1.0,
    "total": 0.084716833,
    "slowest": 0.007897292,
    "fastest": 0.000050542,
    "average": 0.000833163588900002,
    "requestsPerSec": 118040.29548649439,
    "totalData": 90000,
    "sizePerRequest": 9,
    "sizePerSec": 1062362.6593784497
  },
  "responseTimeHistogram": {
    "0.000050542": 1,
    "0.000835217": 8892,
    "0.001619892": 195,
    "0.0024045670000000002": 546,
    "0.003189242": 256,
    "0.0039739169999999996": 14,
    "0.004758592": 6,
    "0.005543266999999999": 2,
    "0.006327942": 70,
    "0.007112617": 16,
    "0.007897292": 2
  },
  "latencyPercentiles": {
    "p10": 0.000551042,
    "p25": 0.000592666,
    "p50": 0.000635791,
    "p75": 0.000687792,
    "p90": 0.0012475,
    "p95": 0.002387625,
    "p99": 0.003867417,
    "p99.9": 0.006376917,
    "p99.99": 0.007628625
  },
  "rps": {
    "mean": 120214.44634111978,
    "stddev": 58140.09969009055,
    "max": 164434.25165461967,
    "min": 20167.984258135748,
    "percentiles": {
      "p10": 20167.984258135748,
      "p25": 74507.13778379968,
      "p50": 153317.18913012175,
      "p75": 159007.28253354004,
      "p90": 164434.25165461967,
      "p95": 164434.25165461967,
      "p99": 164434.25165461967,
      "p99.9": 164434.25165461967,
      "p99.99": 164434.25165461967
    }
  },
  "details": {
    "DNSDialup": {
      "average": 0.002117759599999999,
      "fastest": 0.000845,
      "slowest": 0.004164709
    },
    "DNSLookup": {
      "average": 0.000010234590000000005,
      "fastest": 1.208e-6,
      "slowest": 0.000175875
    }
  },
  "statusCodeDistribution": {
    "404": 10000
  },
  "errorDistribution": {}
}